{"model":{"version":2,"nodes":[{"name":"RootNode","position":[0,0,0],"rotation":[0,0,0],"scale":[1,1,1]},{"name":"sleigh","position":[0,0.939441,2.20446],"rotation":[-90,-0,0],"scale":[0.01,0.01,0.01]},{"name":"present","position":[0,220.446,-93.9441],"rotation":[0,0,0],"scale":[1,1,1]}],"parents":[-1,0,1],"skins":[],"vertices":[{"position":{"type":"float32","components":3,"data":[9.99479,-8.87287,26.2639,8.99377,-7.97925,23.5789,2.00893,1.45018,21.442,1.19149,-7.89703,27.4618,6.1348,-11.9836,26.6811,4.92431,-5.86922,27.4098,1.02512,-12.2921,23.6947,8.99377,-7.97925,23.5789,6.1348,-11.9836,26.6811,-3.66337,-1.61556,21.5029,2.00893,1.45018,21.442,8.99377,-7.97925,23.5789,8.99377,-7.97925,23.5789,1.02512,-12.2921,23.6947,-3.66337,-1.61556,21.5029,1.19149,-7.89703,27.4618,4.92431,-5.86922,27.4098,2.02547,1.38478,23.2792,2.02547,1.38478,23.2792,-3.64472,-1.68476,23.3401,1.19149,-7.89703,27.4618,1.19149,-7.89703,27.4618,-3.64472,-1.68476,23.3401,1.24997,-13.6177,26.393,-11.5196,8.41809,25.4534,-3.66337,-1.61556,21.5029,-3.64472,-1.68476,23.3401,-1.48497,12.7195,25.4252,-1.32238,11.5758,22.8075,-7.82251,11.8128,25.4912,2.00893,1.45018,21.442,-3.66337,-1.61556,21.5029,-10.5814,7.70744,22.8401,-10.5814,7.70744,22.8401,-1.32238,11.5758,22.8075,2.00893,1.45018,21.442,2.02547,1.38478,23.2792,-2.71997,7.33478,26.8746,-6.45282,5.30704,26.8996,-6.45282,5.30704,26.8996,-3.64472,-1.68476,23.3401,2.02547,1.38478,23.2792,-2.71997,7.33478,26.8746,2.02547,1.38478,23.2792,-1.48497,12.7195,25.4252,1.19149,-7.89703,27.4618,1.24997,-13.6177,26.393,6.1348,-11.9836,26.6811,6.1348,-11.9836,26.6811,9.99479,-8.87287,26.2639,4.92431,-5.86922,27.4098,-2.71997,7.33478,26.8746,-7.82251,11.8128,25.4912,-6.45282,5.30704,26.8996,-10.5814,7.70744,22.8401,-11.5196,8.41809,25.4534,-7.82251,11.8128,25.4912,8.99377,-7.97925,23.5789,9.99479,-8.87287,26.2639,6.1348,-11.9836,26.6811,6.1348,-11.9836,26.6811,1.24997,-13.6177,26.393,1.02512,-12.2921,23.6947,-1.32238,11.5758,22.8075,-10.5814,7.70744,22.8401,-7.82251,11.8128,25.4912,2.02547,1.38478,23.2792,2.00893,1.45018,21.442,-1.48497,12.7195,25.4252,2.00893,1.45018,21.442,-1.32238,11.5758,22.8075,-1.48497,12.7195,25.4252,2.02547,1.38478,23.2792,4.92431,-5.86922,27.4098,9.99479,-8.87287,26.2639,9.99479,-8.87287,26.2639,2.00893,1.45018,21.442,2.02547,1.38478,23.2792,-3.66337,-1.61556,21.5029,1.02512,-12.2921,23.6947,1.24997,-13.6177,26.393,1.24997,-13.6177,26.393,-3.64472,-1.68476,23.3401,-3.66337,-1.61556,21.5029,-3.64472,-1.68476,23.3401,-6.45282,5.30704,26.8996,-11.5196,8.41809,25.4534,-11.5196,8.41809,25.4534,-10.5814,7.70744,22.8401,-3.66337,-1.61556,21.5029,-13.4675,-11.8552,1.07454,-14.3362,-4.57077,0.877158,-4.87673,-4.13239,-0.0908575,-5.22972,-12.6269,0.753402,4.88635,-4.11945,-0.115262,5.38758,-12.6269,0.587721,14.3338,-4.10942,0.161199,13.1937,-11.8399,1.00623,-14.3362,4.71844,0.461,-4.86758,4.62067,-0.108826,4.87084,4.61646,-0.112284,14.3527,4.59159,0.156553,-13.4682,12.0789,1.0274,-4.91607,13.1141,0.537504,4.85699,13.1263,0.684189,13.8684,12.5162,0.871397,-12.8409,-11.4696,20.2386,-5.10829,-12.6167,20.7266,-4.87358,-4.11946,21.8142,-14.3189,-4.0992,20.9134,5.04991,-12.6269,20.658,4.87689,-4.11946,21.8126,13.181,-11.8399,19.7188,14.3338,-4.10943,20.9,-4.88596,4.61645,21.8092,-14.3445,4.57747,20.8965,4.87086,4.61644,21.8192,14.3158,4.55022,20.9134,-5.5859,13.1122,20.5355,-13.7918,12.0034,19.603,4.80236,13.085,20.9033,12.5381,11.0271,20.2379,-5.22972,-12.6269,0.753402,-4.87048,-13.2159,10.555,-13.7831,-12.3814,11.1576,-13.4675,-11.8552,1.07454,5.38758,-12.6269,0.587721,4.87217,-13.2174,10.5219,13.1937,-11.8399,1.00623,13.5758,-12.4456,10.1786,14.3338,-4.10942,0.161199,14.5871,-4.48154,10.517,13.5758,-12.4456,10.1786,13.1937,-11.8399,1.00623,14.3527,4.59159,0.156553,14.5974,4.24433,10.5384,13.8684,12.5162,0.871397,13.948,12.8703,10.9551,4.85699,13.1263,0.684189,4.86093,13.6177,10.5527,13.948,12.8703,10.9551,13.8684,12.5162,0.871397,-4.91607,13.1141,0.537504,-4.88337,13.6145,10.5265,-13.4682,12.0789,1.0274,-14.1558,12.7689,10.5149,-14.3362,4.71844,0.461,-14.5974,4.24532,10.5343,-14.1558,12.7689,10.5149,-13.4682,12.0789,1.0274,-14.3362,-4.57077,0.877158,-14.5877,-4.49297,10.5635,-13.4675,-11.8552,1.07454,-13.7831,-12.3814,11.1576,-5.10829,-12.6167,20.7266,-12.8409,-11.4696,20.2386,5.04991,-12.6269,20.658,13.181,-11.8399,19.7188,14.3338,-4.10943,20.9,13.181,-11.8399,19.7188,14.3158,4.55022,20.9134,12.5381,11.0271,20.2379,4.80236,13.085,20.9033,12.5381,11.0271,20.2379,-5.5859,13.1122,20.5355,-13.7918,12.0034,19.603,-14.3445,4.57747,20.8965,-13.7918,12.0034,19.603,-14.3189,-4.0992,20.9134,-12.8409,-11.4696,20.2386,-2.71997,7.33478,26.8746,-1.48497,12.7195,25.4252,-7.82251,11.8128,25.4912,-7.82251,11.8128,25.4912,-11.5196,8.41809,25.4534,-6.45282,5.30704,26.8996]},"normal":{"type":"float32","components":3,